docker exec -it hadoop-master bash -c 'cat > /opt/hadoop-3.2.1/etc/hadoop/yarn-site.xml << "EOF"
<?xml version="1.0"?>
<configuration>

  <property>
    <name>yarn.resourcemanager.hostname</name>
    <value>hadoop-resourcemanager</value>
  </property>

  <property>
    <name>yarn.resourcemanager.address</name>
    <value>hadoop-resourcemanager:8032</value>
  </property>

  <property>
    <name>yarn.resourcemanager.scheduler.address</name>
    <value>hadoop-resourcemanager:8030</value>
  </property>

  <property>
    <name>yarn.resourcemanager.resource-tracker.address</name>
    <value>hadoop-resourcemanager:8031</value>
  </property>

</configuration>
EOF'
